UPDATE GovernorPromotions SET Level = 1, Column = 2 WHERE GovernorPromotionType = 'GOVERNOR_PROMOTION_REINFORCED_INFRASTRUCTURE';
UPDATE GovernorPromotions SET Column = 0 WHERE GovernorPromotionType = 'GOVERNOR_PROMOTION_ZONING_COMMISSIONER';
UPDATE GovernorPromotions SET Level = 2, Column = 3 WHERE GovernorPromotionType = 'GOVERNOR_PROMOTION_PARKS_RECREATION';
UPDATE GovernorPromotionPrereqs SET PrereqGovernorPromotion = 'GOVERNOR_PROMOTION_BUILDER_GUILDMASTER' WHERE GovernorPromotionType = 'GOVERNOR_PROMOTION_REINFORCED_INFRASTRUCTURE';

DELETE FROM GovernorPromotions WHERE GovernorPromotionType IN ('GOVERNOR_PROMOTION_AQUACULTURE', 'GOVERNOR_PROMOTION_WATER_WORKS');
DELETE FROM ImprovementModifiers WHERE ImprovementType='IMPROVEMENT_FISHERY';
DELETE FROM Modifiers WHERE ModifierId='AQUACULTURE_CAN_BUILD_FISHERY';
DELETE FROM ModifierArguments WHERE ModifierId='AQUACULTURE_CAN_BUILD_FISHERY';

UPDATE Improvements SET TraitType = NULL, PrereqTech = 'TECH_SHIPBUILDING', SameAdjacentValid = 0 WHERE ImprovementType='IMPROVEMENT_FISHERY';
INSERT OR IGNORE INTO ImprovementModifiers (ImprovementType, ModifierID) VALUES ('IMPROVEMENT_FISHERY', 'FISHERY_EXTRA_PRODUCTION');
DELETE FROM Adjacency_YieldChanges WHERE ID = 'Fishery_SeaResourceAdjacency';
INSERT OR IGNORE INTO Improvement_YieldChanges (ImprovementType, YieldType, YieldChange) VALUES
	('IMPROVEMENT_FISHERY', 'YIELD_GOLD', 0);
INSERT OR IGNORE INTO Improvement_BonusYieldChanges (Id, ImprovementType, YieldType, BonusYieldChange, PrereqTech, PrereqCivic) VALUES
	(234, 'IMPROVEMENT_FISHERY', 'YIELD_GOLD', 1, 'TECH_MASS_PRODUCTION', Null),
	(235, 'IMPROVEMENT_FISHERY', 'YIELD_GOLD', 1, 'TECH_ELECTRICITY', Null);
	-- ((SELECT MAX(id) from Improvement_BonusYieldChanges) + 1, 'IMPROVEMENT_FISHERY', 'YIELD_GOLD', 2, 'TECH_MASS_PRODUCTION', Null),
	-- ((SELECT MAX(id) from Improvement_BonusYieldChanges) + 2, 'IMPROVEMENT_FISHERY', 'YIELD_GOLD', 2, 'TECH_ELECTRICITY', Null);
INSERT OR IGNORE INTO Modifiers (ModifierId, ModifierType, SubjectRequirementSetId) VALUES
	('FISHERY_EXTRA_PRODUCTION', 'MODIFIER_SINGLE_PLOT_ADJUST_PLOT_YIELDS', 'PLOT_ADJACENT_TO_BOAT');
INSERT OR IGNORE INTO ModifierArguments (ModifierId, Name, Value) VALUES
	('FISHERY_EXTRA_PRODUCTION' , 'YieldType' , 'YIELD_PRODUCTION'),
	('FISHERY_EXTRA_PRODUCTION' , 'Amount' , 1);
INSERT OR IGNORE INTO RequirementSets (RequirementSetId, RequirementSetType) VALUES
	('PLOT_ADJACENT_TO_BOAT', 'REQUIREMENTSET_TEST_ALL');
INSERT OR IGNORE INTO Requirements (RequirementId, RequirementType) VALUES
	('PLOT_ADJACENT_TO_BOAT', 'REQUIREMENT_PLOT_ADJACENT_IMPROVEMENT_TYPE_MATCHES');
INSERT OR IGNORE INTO RequirementArguments (RequirementId, Name, Value) VALUES
	('PLOT_ADJACENT_TO_BOAT', 'ImprovementType', 'IMPROVEMENT_FISHING_BOATS');
INSERT OR IGNORE INTO RequirementSetRequirements (RequirementSetId, RequirementId) VALUES
	('PLOT_ADJACENT_TO_BOAT', 'PLOT_ADJACENT_TO_BOAT');

INSERT OR IGNORE INTO Types (Type, Kind) VALUES
	('GOVERNOR_PROMOTION_DISTRICTS_ADJACENCY', 'KIND_GOVERNOR_PROMOTION'),
	('GOVERNOR_PROMOTION_AGRICULTURE', 'KIND_GOVERNOR_PROMOTION'),
	('GOVERNOR_PROMOTION_URBANISTICS', 'KIND_GOVERNOR_PROMOTION');
INSERT OR IGNORE INTO GovernorPromotions (GovernorPromotionType, Name, Description, Level, Column, BaseAbility) VALUES
	('GOVERNOR_PROMOTION_DISTRICTS_ADJACENCY', 'LOC_GOVERNOR_PROMOTION_DISTRICTS_ADJACENCY_NAME', 'LOC_GOVERNOR_PROMOTION_DISTRICTS_ADJACENCY_DESCRIPTION', 2, 1, 0),
	('GOVERNOR_PROMOTION_AGRICULTURE', 'LOC_GOVERNOR_PROMOTION_AGRICULTURE_NAME', 'LOC_GOVERNOR_PROMOTION_AGRICULTURE_DESCRIPTION', 1, 4, 0),
	('GOVERNOR_PROMOTION_URBANISTICS', 'LOC_GOVERNOR_PROMOTION_URBANISTICS_NAME', 'LOC_GOVERNOR_PROMOTION_URBANISTICS_DESCRIPTION', 3, 2, 0);
INSERT OR IGNORE INTO GovernorPromotionSets (GovernorType, GovernorPromotion) VALUES
	('GOVERNOR_THE_BUILDER', 'GOVERNOR_PROMOTION_DISTRICTS_ADJACENCY'),
	('GOVERNOR_THE_BUILDER', 'GOVERNOR_PROMOTION_AGRICULTURE'),
	('GOVERNOR_THE_BUILDER', 'GOVERNOR_PROMOTION_URBANISTICS');
INSERT OR IGNORE INTO GovernorPromotionPrereqs ( GovernorPromotionType, PrereqGovernorPromotion ) VALUES
	( 'GOVERNOR_PROMOTION_DISTRICTS_ADJACENCY', 'GOVERNOR_PROMOTION_ZONING_COMMISSIONER' ),
	( 'GOVERNOR_PROMOTION_DISTRICTS_ADJACENCY', 'GOVERNOR_PROMOTION_REINFORCED_INFRASTRUCTURE' ),
	( 'GOVERNOR_PROMOTION_URBANISTICS', 'GOVERNOR_PROMOTION_DISTRICTS_ADJACENCY' ),
	( 'GOVERNOR_PROMOTION_URBANISTICS', 'GOVERNOR_PROMOTION_PARKS_RECREATION' ),
	( 'GOVERNOR_PROMOTION_PARKS_RECREATION', 'GOVERNOR_PROMOTION_REINFORCED_INFRASTRUCTURE' ),
	( 'GOVERNOR_PROMOTION_PARKS_RECREATION', 'GOVERNOR_PROMOTION_AGRICULTURE' ),
	( 'GOVERNOR_PROMOTION_AGRICULTURE', 'GOVERNOR_PROMOTION_BUILDER_GUILDMASTER' );

INSERT OR IGNORE INTO RequirementSets (RequirementSetId, RequirementSetType) VALUES
	('DISTRICT_IS_SPECIALTY_OR_WONDER', 'REQUIREMENTSET_TEST_ANY'),
	('PLOT_IS_SNOW_CLASS', 'REQUIREMENTSET_TEST_ALL'),
	('PLOT_IS_OASIS', 'REQUIREMENTSET_TEST_ALL'),
	('CITY_HAS_GOVERNOR_PROMOTION_PARKS_RECREATION', 'REQUIREMENTSET_TEST_ALL');
INSERT OR IGNORE INTO Requirements (RequirementId, RequirementType) VALUES
	('REQUIRES_DISTRICT_IS_AERODROME', 'REQUIREMENT_DISTRICT_TYPE_MATCHES'),
	('REQUIRES_DISTRICT_IS_GOVERNMENT', 'REQUIREMENT_DISTRICT_TYPE_MATCHES'),
	('REQUIRES_DISTRICT_IS_PRESERVE', 'REQUIREMENT_DISTRICT_TYPE_MATCHES'),
	('REQUIRES_DISTRICT_IS_DIPLOMATIC_QUARTER', 'REQUIREMENT_DISTRICT_TYPE_MATCHES'),
	('CITY_HAS_GOVERNOR_PROMOTION_PARKS_RECREATION', 'REQUIREMENT_CITY_HAS_SPECIFIC_GOVERNOR_PROMOTION_TYPE'),
	('PLOT_IS_SNOW_CLASS', 'REQUIREMENT_PLOT_TERRAIN_CLASS_MATCHES'),
 	('REQUIRES_PLOT_IS_ADJACENT_TO_OASIS', 'REQUIREMENT_PLOT_ADJACENT_FEATURE_TYPE_MATCHES');
INSERT OR IGNORE INTO RequirementArguments (RequirementId, Name, Value) VALUES
	('REQUIRES_DISTRICT_IS_AERODROME', 'DistrictType', 'DISTRICT_AERODROME'),
	('REQUIRES_DISTRICT_IS_GOVERNMENT', 'DistrictType', 'DISTRICT_GOVERNMENT'),
	('REQUIRES_DISTRICT_IS_PRESERVE', 'DistrictType', 'DISTRICT_PRESERVE'),
	('REQUIRES_DISTRICT_IS_DIPLOMATIC_QUARTER', 'DistrictType', 'DISTRICT_DIPLOMATIC_QUARTER'),
	('CITY_HAS_GOVERNOR_PROMOTION_PARKS_RECREATION', 'Established', 1),
	('CITY_HAS_GOVERNOR_PROMOTION_PARKS_RECREATION', 'GovernorPromotionType', 'GOVERNOR_PROMOTION_PARKS_RECREATION'),
	('PLOT_IS_SNOW_CLASS', 'TerrainClass', 'TERRAIN_CLASS_SNOW'),
 	('REQUIRES_PLOT_IS_ADJACENT_TO_OASIS', 'FeatureType', 'FEATURE_OASIS');
INSERT OR IGNORE INTO RequirementSetRequirements (RequirementSetId, RequirementId) VALUES
	('DISTRICT_IS_SPECIALTY_OR_WONDER', 'REQUIRES_DISTRICT_IS_WORLD_WONDER'),
	('PLOT_IS_SNOW_CLASS', 'PLOT_IS_SNOW_CLASS'),
	('PLOT_IS_OASIS', 'REQUIRES_PLOT_HAS_OASIS'),
	('CITY_HAS_GOVERNOR_PROMOTION_PARKS_RECREATION', 'CITY_HAS_GOVERNOR_PROMOTION_PARKS_RECREATION'),
 	('ADJACENT_TO_WATER_REQUIREMENTS', 'REQUIRES_PLOT_IS_ADJACENT_TO_OASIS');
INSERT OR IGNORE INTO RequirementSetRequirements (RequirementSetId, RequirementId) 
	SELECT 'DISTRICT_IS_SPECIALTY_OR_WONDER', 'REQUIRES_DISTRICT_IS_' || replace(DistrictType, 'DISTRICT_', '' )
	FROM Districts
	WHERE RequiresPopulation = 1 AND NOT
		EXISTS (
		   SELECT *
		   FROM DistrictReplaces
		   WHERE DistrictReplaces.CivUniqueDistrictType = Districts.DistrictType
	   );
 
INSERT OR IGNORE INTO Modifiers (ModifierId, ModifierType, SubjectRequirementSetId) VALUES
	('GOVERNOR_WONDERS_CONSTRUCTION', 'MODIFIER_PLAYER_CITIES_ADJUST_WONDER_PRODUCTION', Null),
	('GOVERNOR_DISTRICTS_HOUSING', 'MODIFIER_CITY_DISTRICTS_ADJUST_DISTRICT_HOUSING', 'DISTRICT_IS_SPECIALTY_OR_WONDER'),
	('GOVERNOR_DISTRICTS_AMENITY', 'MODIFIER_CITY_DISTRICTS_ADJUST_DISTRICT_AMENITY', 'DISTRICT_IS_SPECIALTY_OR_WONDER'),
	('GOVERNOR_DISTRICTS_FOOD', 'MODIFIER_CITY_ADJUST_CITY_YIELD_PER_DISTRICT', Null),
	('GOVERNOR_WONDERS_FOOD', 'MODIFIER_SINGLE_CITY_ADJUST_WONDER_YIELD_CHANGE', Null),
	-- ('GOVERNOR_GOV_BUILDINGS_PRODUCTION', 'MODIFIER_PLAYER_CITIES_ADJUST_BUILDING_PRODUCTION', Null),
	--('FARMS_GETS_PRODUCTION', 'MODIFIER_CITY_PLOT_YIELDS_ADJUST_PLOT_YIELD', 'PLOT_HAS_FARM_REQUIREMENTS'),
	('CITY_PARK_ADJACENCY_CULTURE', 'MODIFIER_SINGLE_PLOT_ADJUST_PLOT_YIELDS', 'ADJACENT_TO_WATER_REQUIREMENTS'),
	('GOVERNOR_TUNDRA_YIELDS', 'MODIFIER_CITY_PLOT_YIELDS_ADJUST_PLOT_YIELD', 'PLOT_HAS_ANYTUNDRA_REQUIREMENTS'),
	('GOVERNOR_POOR_DESERT_YIELDS', 'MODIFIER_CITY_PLOT_YIELDS_ADJUST_PLOT_YIELD', 'PETRA_YIELD_MODIFIER_REQUIREMENTS'),
	('GOVERNOR_OASIS_PRODUCTION', 'MODIFIER_CITY_PLOT_YIELDS_ADJUST_PLOT_YIELD', 'PLOT_IS_OASIS'),
	('GOVERNOR_OASIS_GOLD', 'MODIFIER_CITY_PLOT_YIELDS_ADJUST_PLOT_YIELD', 'PLOT_IS_OASIS');
INSERT OR IGNORE INTO ModifierArguments (ModifierId, Name, Value) VALUES
	('GOVERNOR_WONDERS_CONSTRUCTION' , 'Amount' , 25),
	-- ('GOVERNOR_GOV_BUILDINGS_PRODUCTION' , 'DistrictType' , 'DISTRICT_GOVERNMENT'),
	-- ('GOVERNOR_GOV_BUILDINGS_PRODUCTION' , 'Amount' , 30),
	('GOVERNOR_DISTRICTS_HOUSING' , 'Amount' , 1),
	('GOVERNOR_DISTRICTS_AMENITY' , 'Amount' , 1),
	('GOVERNOR_DISTRICTS_FOOD' , 'Amount' , 1),
	('GOVERNOR_DISTRICTS_FOOD' , 'YieldType' , 'YIELD_FOOD'),
	('GOVERNOR_WONDERS_FOOD' , 'Amount' , 1),
	('GOVERNOR_WONDERS_FOOD' , 'YieldType' , 'YIELD_FOOD'),
	--('FARMS_GETS_PRODUCTION' , 'YieldType' , 'YIELD_PRODUCTION'),
	--('FARMS_GETS_PRODUCTION' , 'Amount' , 1),
	('CITY_PARK_ADJACENCY_CULTURE' , 'YieldType' , 'YIELD_CULTURE'),
	('CITY_PARK_ADJACENCY_CULTURE' , 'Amount' , 1),
	('GOVERNOR_TUNDRA_YIELDS' , 'YieldType' , 'YIELD_FOOD'),
	('GOVERNOR_TUNDRA_YIELDS' , 'Amount' , 1),
	('GOVERNOR_POOR_DESERT_YIELDS' , 'YieldType' , 'YIELD_FOOD'),
	('GOVERNOR_POOR_DESERT_YIELDS' , 'Amount' , 1),
	('GOVERNOR_OASIS_PRODUCTION' , 'YieldType' , 'YIELD_PRODUCTION'),
	('GOVERNOR_OASIS_PRODUCTION' , 'Amount' , 1),
	('GOVERNOR_OASIS_GOLD' , 'YieldType' , 'YIELD_GOLD'),
	('GOVERNOR_OASIS_GOLD' , 'Amount' , 1);

INSERT OR IGNORE INTO GovernorPromotionModifiers (GovernorPromotionType, ModifierId) VALUES
	('GOVERNOR_PROMOTION_ZONING_COMMISSIONER', 'GOVERNOR_WONDERS_CONSTRUCTION'),
	--('GOVERNOR_PROMOTION_REINFORCED_INFRASTRUCTURE', 'FARMS_GETS_PRODUCTION'),
	('GOVERNOR_PROMOTION_AGRICULTURE', 'GOVERNOR_POOR_DESERT_YIELDS'),
	('GOVERNOR_PROMOTION_AGRICULTURE', 'GOVERNOR_OASIS_PRODUCTION'),
	('GOVERNOR_PROMOTION_AGRICULTURE', 'GOVERNOR_OASIS_GOLD'),
	('GOVERNOR_PROMOTION_AGRICULTURE', 'GOVERNOR_TUNDRA_YIELDS'),
	-- ('GOVERNOR_PROMOTION_DISTRICTS_ADJACENCY', ''),
	('GOVERNOR_PROMOTION_URBANISTICS', 'GOVERNOR_DISTRICTS_HOUSING'),
	('GOVERNOR_PROMOTION_URBANISTICS', 'GOVERNOR_DISTRICTS_AMENITY'),
	('GOVERNOR_PROMOTION_URBANISTICS', 'GOVERNOR_DISTRICTS_FOOD'),
	('GOVERNOR_PROMOTION_URBANISTICS', 'GOVERNOR_WONDERS_FOOD');

INSERT OR IGNORE INTO Modifiers (ModifierId, ModifierType) VALUES
	('PARKS_RECREATION_CAN_BUILD_CITY_PARK_ATTACH', 'MODIFIER_PLAYER_CITIES_ATTACH_MODIFIER');
INSERT OR IGNORE INTO ModifierArguments (ModifierId, Name, Value) VALUES
	('PARKS_RECREATION_CAN_BUILD_CITY_PARK_ATTACH', 'ModifierId', 'PARKS_RECREATION_CAN_BUILD_CITY_PARK');
UPDATE GovernorPromotionModifiers SET ModifierId = 'PARKS_RECREATION_CAN_BUILD_CITY_PARK_ATTACH' WHERE ModifierId = 'PARKS_RECREATION_CAN_BUILD_CITY_PARK';

DELETE FROM Modifiers WHERE ModifierId IN ('FISHERY_GOVERNOR_PRODUCTION', 'CITY_PARK_WATER_AMENITY');
--UPDATE Modifiers SET SubjectRequirementSetId = 'CITY_HAS_GOVERNOR_PROMOTION_PARKS_RECREATION' WHERE ModifierId = 'CITY_PARK_WATER_AMENITY';
UPDATE Modifiers SET SubjectRequirementSetId = 'CITY_HAS_GOVERNOR_PROMOTION_PARKS_RECREATION' WHERE ModifierId = 'CITY_PARK_GOVERNOR_CULTURE';
--DELETE FROM Modifiers WHERE ModifierId = 'CITY_PARK_GOVERNOR_CULTURE';
UPDATE ModifierArguments SET Value=2 WHERE ModifierId='CITY_PARK_GOVERNOR_CULTURE' AND Name='Amount';
UPDATE ModifierArguments SET Value=25 WHERE ModifierId='ZONING_COMMISSIONER_FASTER_DISTRICT_CONSTRUCTION' AND Name='Amount';

UPDATE Improvements SET Appeal = 2, PrereqCivic = 'CIVIC_CRAFTSMANSHIP' WHERE ImprovementType = 'IMPROVEMENT_CITY_PARK';
INSERT OR IGNORE INTO ImprovementModifiers (ImprovementType, ModifierID) VALUES
	('IMPROVEMENT_CITY_PARK', 'CITY_PARK_ADJACENCY_CULTURE'),
	('IMPROVEMENT_CITY_PARK', 'CITY_PARK_FIRST_IN_CITY_AMENITY');
INSERT OR IGNORE INTO Improvement_BonusYieldChanges (Id, ImprovementType, YieldType, BonusYieldChange, PrereqTech, PrereqCivic) VALUES
	(236, 'IMPROVEMENT_CITY_PARK', 'YIELD_GOLD', 1, Null, 'CIVIC_HUMANISM'),
	(237, 'IMPROVEMENT_CITY_PARK', 'YIELD_GOLD', 1, Null, 'CIVIC_CONSERVATION');
	-- ((SELECT MAX(id) from Improvement_BonusYieldChanges) + 1, 'IMPROVEMENT_CITY_PARK', 'YIELD_CULTURE', 1, Null, 'CIVIC_HUMANISM'),
	-- ((SELECT MAX(id) from Improvement_BonusYieldChanges) + 2, 'IMPROVEMENT_CITY_PARK', 'YIELD_CULTURE', 1, Null, 'CIVIC_PROFESSIONAL_SPORTS');
INSERT OR IGNORE INTO Modifiers (ModifierId, ModifierType, SubjectStackLimit) VALUES
	('CITY_PARK_FIRST_IN_CITY_AMENITY', 'MODIFIER_CITY_OWNER_ADJUST_IMPROVEMENT_AMENITY', 1);
INSERT OR IGNORE INTO ModifierArguments (ModifierId, Name, Value) VALUES
	('CITY_PARK_FIRST_IN_CITY_AMENITY', 'Amount', 1);
DELETE FROM Improvement_YieldChanges WHERE ImprovementType = 'IMPROVEMENT_CITY_PARK';
INSERT OR IGNORE INTO Improvement_YieldChanges (ImprovementType, YieldType, YieldChange) VALUES
	('IMPROVEMENT_CITY_PARK', 'YIELD_GOLD', 2),
	('IMPROVEMENT_CITY_PARK', 'YIELD_CULTURE', 0);

INSERT OR IGNORE INTO Improvement_ValidFeatures (ImprovementType, FeatureType) VALUES
	('IMPROVEMENT_CITY_PARK', 'FEATURE_MARSH'),
	('IMPROVEMENT_CITY_PARK', 'FEATURE_FLOODPLAINS'),
	('IMPROVEMENT_CITY_PARK', 'FEATURE_FLOODPLAINS_GRASSLAND'),
	('IMPROVEMENT_CITY_PARK', 'FEATURE_FLOODPLAINS_PLAINS'),
	('IMPROVEMENT_CITY_PARK', 'FEATURE_VOLCANIC_SOIL');


INSERT OR IGNORE INTO Requirements (RequirementId, RequirementType) VALUES
	('REQUIRES_PLOT_HAS_CITY', 'REQUIREMENT_PLOT_DISTRICT_TYPE_MATCHES');
INSERT OR IGNORE INTO RequirementArguments (RequirementId, Name, Value) VALUES
	('REQUIRES_PLOT_HAS_CITY', 'DistrictType', 'DISTRICT_CITY_CENTER');
INSERT OR IGNORE INTO RequirementSets ( RequirementSetId, RequirementSetType ) VALUES
	( 'PLOT_HAS_IMPROVEMENT_OR_CITY', 'REQUIREMENTSET_TEST_ANY' ),
	( 'PLOT_HAS_FLOODPLAINS_OR_VOLCANOSOIL', 'REQUIREMENTSET_TEST_ANY' );
INSERT OR IGNORE INTO RequirementSetRequirements ( RequirementSetId, RequirementId ) VALUES
	( 'PLOT_HAS_IMPROVEMENT_OR_CITY', 'REQUIRES_PLOT_HAS_CITY' ),
	( 'PLOT_HAS_IMPROVEMENT_OR_CITY', 'REQUIRES_PLOT_HAS_ANY_IMPROVEMENT' ),
	( 'PLOT_HAS_FLOODPLAINS_OR_VOLCANOSOIL', 'REQUIRES_PLOT_HAS_FLOODPLAINS_TAG' ),
	( 'PLOT_HAS_FLOODPLAINS_OR_VOLCANOSOIL', 'PLOT_VOLCANIC_SOIL_REQUIREMENT' );

INSERT OR IGNORE INTO Requirements (RequirementId, RequirementType) VALUES
	('PLOT_HAS_IMPROVEMENT_OR_CITY_REQUIREMENT_SET', 'REQUIREMENT_REQUIREMENTSET_IS_MET'),
	('PLOT_HAS_FLOODPLAINS_OR_VOLCANOSOIL_REQUIREMENT_SET', 'REQUIREMENT_REQUIREMENTSET_IS_MET');
INSERT OR IGNORE INTO RequirementArguments (RequirementId, Name, Value) VALUES
	('PLOT_HAS_IMPROVEMENT_OR_CITY_REQUIREMENT_SET', 'RequirementSetId', 'PLOT_HAS_IMPROVEMENT_OR_CITY'),
	('PLOT_HAS_FLOODPLAINS_OR_VOLCANOSOIL_REQUIREMENT_SET', 'RequirementSetId', 'PLOT_HAS_FLOODPLAINS_OR_VOLCANOSOIL');
INSERT OR IGNORE INTO RequirementSets ( RequirementSetId, RequirementSetType ) VALUES
	( 'REINFORCED_INFRASTRUCTURE_REQUIREMENTS', 'REQUIREMENTSET_TEST_ALL' );
INSERT OR IGNORE INTO RequirementSetRequirements ( RequirementSetId, RequirementId ) VALUES
	( 'REINFORCED_INFRASTRUCTURE_REQUIREMENTS', 'PLOT_HAS_IMPROVEMENT_OR_CITY_REQUIREMENT_SET' ),
	( 'REINFORCED_INFRASTRUCTURE_REQUIREMENTS', 'PLOT_HAS_FLOODPLAINS_OR_VOLCANOSOIL_REQUIREMENT_SET' );

INSERT OR IGNORE INTO Modifiers ( ModifierId, ModifierType, SubjectRequirementSetId ) VALUES
	( 'REINFORCED_INFRASTRUCTURE_PROD', 'MODIFIER_CITY_PLOT_YIELDS_ADJUST_PLOT_YIELD', 'REINFORCED_INFRASTRUCTURE_REQUIREMENTS' );
INSERT OR IGNORE INTO ModifierArguments (ModifierId, Name, Value) VALUES
	('REINFORCED_INFRASTRUCTURE_PROD', 'YieldType', 'YIELD_PRODUCTION'),
	('REINFORCED_INFRASTRUCTURE_PROD', 'Amount', 2);
INSERT OR IGNORE INTO GovernorPromotionModifiers (GovernorPromotionType, ModifierId) VALUES
	( 'GOVERNOR_PROMOTION_REINFORCED_INFRASTRUCTURE', 'REINFORCED_INFRASTRUCTURE_PROD' );



-- INSERT OR IGNORE INTO Requirements (RequirementId, RequirementType) VALUES
-- 	('REQUIRES_PLOT_HAS_CITY', 'REQUIREMENT_PLOT_DISTRICT_TYPE_MATCHES');
-- INSERT OR IGNORE INTO RequirementArguments (RequirementId, Name, Value) VALUES
-- 	('REQUIRES_PLOT_HAS_CITY', 'DistrictType', 'DISTRICT_CITY_CENTER');
-- INSERT OR IGNORE INTO RequirementSets ( RequirementSetId, RequirementSetType ) VALUES
-- 	( 'PLOT_HAS_IMPROVEMENT_OR_CITY_REQUIREMENTS', 'REQUIREMENTSET_TEST_ANY' ),
-- 	( 'REINFORCED_INFRASTRUCTURE_REQUIREMENTS', 'REQUIREMENTSET_TEST_ALL' ),

-- 	-- ( 'REINFORCED_INFRASTRUCTURE_FLOODPLAINS_PROD_REQUIREMENTS', 'REQUIREMENTSET_TEST_ALL' ),
-- 	-- ( 'REINFORCED_INFRASTRUCTURE_VOLCANO_PROD_REQUIREMENTS', 'REQUIREMENTSET_TEST_ALL' );
-- INSERT OR IGNORE INTO RequirementSetRequirements ( RequirementSetId, RequirementId ) VALUES
-- 	( 'PLOT_HAS_IMPROVEMENT_OR_CITY_REQUIREMENTS', 'REQUIRES_PLOT_HAS_CITY' ),
-- 	( 'PLOT_HAS_IMPROVEMENT_OR_CITY_REQUIREMENTS', '' ),

-- 	--( 'REINFORCED_INFRASTRUCTURE_FLOODPLAINS_PROD_REQUIREMENTS', 'REQUIRES_PLOT_HAS_ANY_IMPROVEMENT' ),
-- 	( 'REINFORCED_INFRASTRUCTURE_FLOODPLAINS_PROD_REQUIREMENTS', 'REQUIRES_PLOT_HAS_FLOODPLAINS_TAG' ),
-- 	--( 'REINFORCED_INFRASTRUCTURE_VOLCANO_PROD_REQUIREMENTS', 'REQUIRES_PLOT_HAS_ANY_IMPROVEMENT' ),
-- 	( 'REINFORCED_INFRASTRUCTURE_VOLCANO_PROD_REQUIREMENTS', 'PLOT_VOLCANIC_SOIL_REQUIREMENT' );
-- INSERT OR IGNORE INTO Modifiers ( ModifierId, ModifierType, SubjectRequirementSetId ) VALUES
-- 	( 'REINFORCED_INFRASTRUCTURE_FLOODPLAINS_PROD', 'MODIFIER_CITY_PLOT_YIELDS_ADJUST_PLOT_YIELD', 'REINFORCED_INFRASTRUCTURE_FLOODPLAINS_PROD_REQUIREMENTS' ),
-- 	( 'REINFORCED_INFRASTRUCTURE_VOLCANO_PROD', 'MODIFIER_CITY_PLOT_YIELDS_ADJUST_PLOT_YIELD', 'REINFORCED_INFRASTRUCTURE_VOLCANO_PROD_REQUIREMENTS' );
-- INSERT OR IGNORE INTO ModifierArguments (ModifierId, Name, Value) VALUES
-- 	('REINFORCED_INFRASTRUCTURE_FLOODPLAINS_PROD', 'YieldType', 'YIELD_PRODUCTION'),
-- 	('REINFORCED_INFRASTRUCTURE_FLOODPLAINS_PROD', 'Amount', 2),
-- 	('REINFORCED_INFRASTRUCTURE_VOLCANO_PROD', 'YieldType', 'YIELD_PRODUCTION'),
-- 	('REINFORCED_INFRASTRUCTURE_VOLCANO_PROD', 'Amount', 2);
-- INSERT OR IGNORE INTO GovernorPromotionModifiers (GovernorPromotionType, ModifierId) VALUES
-- 	( 'GOVERNOR_PROMOTION_REINFORCED_INFRASTRUCTURE', 'REINFORCED_INFRASTRUCTURE_FLOODPLAINS_PROD' ),
-- 	( 'GOVERNOR_PROMOTION_REINFORCED_INFRASTRUCTURE', 'REINFORCED_INFRASTRUCTURE_VOLCANO_PROD' );

-- соседство районов
INSERT OR IGNORE INTO Types (Type, Kind) VALUES
	('MODIFIER_CITY_DISTRICT_ADJACENCY', 'KIND_MODIFIER');
INSERT OR IGNORE INTO DynamicModifiers (ModifierType, CollectionType, EffectType) VALUES
	('MODIFIER_CITY_DISTRICT_ADJACENCY', 'COLLECTION_OWNER', 'EFFECT_DISTRICT_ADJACENCY');

INSERT OR IGNORE INTO Modifiers (ModifierId, ModifierType) VALUES
	('GOVERNOR_DISTRICTS_ADJACENCY_FAITH', 'MODIFIER_CITY_DISTRICT_ADJACENCY'),
	('GOVERNOR_DISTRICTS_ADJACENCY_SCIENCE', 'MODIFIER_CITY_DISTRICT_ADJACENCY'),
	('GOVERNOR_DISTRICTS_ADJACENCY_GOLD_COMMERCIALHUB', 'MODIFIER_CITY_DISTRICT_ADJACENCY'),
	('GOVERNOR_DISTRICTS_ADJACENCY_GOLD_HARBOR', 'MODIFIER_CITY_DISTRICT_ADJACENCY'),
	('GOVERNOR_DISTRICTS_ADJACENCY_CULTURE', 'MODIFIER_CITY_DISTRICT_ADJACENCY'),
	('GOVERNOR_DISTRICTS_ADJACENCY_PRODUCTION', 'MODIFIER_CITY_DISTRICT_ADJACENCY');

INSERT OR IGNORE INTO ModifierArguments (ModifierId, Name, Value) VALUES
('GOVERNOR_DISTRICTS_ADJACENCY_FAITH', 'DistrictType', 'DISTRICT_HOLY_SITE'),
('GOVERNOR_DISTRICTS_ADJACENCY_FAITH', 'YieldType', 'YIELD_FAITH'),
('GOVERNOR_DISTRICTS_ADJACENCY_FAITH', 'Amount', '1'),
('GOVERNOR_DISTRICTS_ADJACENCY_FAITH', 'Description', 'LOC_DISTRICT_DISTRICT_1_FAITH_GOVERNOR'),

('GOVERNOR_DISTRICTS_ADJACENCY_SCIENCE', 'DistrictType', 'DISTRICT_CAMPUS'),
('GOVERNOR_DISTRICTS_ADJACENCY_SCIENCE', 'YieldType', 'YIELD_SCIENCE'),
('GOVERNOR_DISTRICTS_ADJACENCY_SCIENCE', 'Amount', '1'),
('GOVERNOR_DISTRICTS_ADJACENCY_SCIENCE', 'Description', 'LOC_DISTRICT_DISTRICT_1_SCIENCE_GOVERNOR'),

('GOVERNOR_DISTRICTS_ADJACENCY_GOLD_COMMERCIALHUB', 'DistrictType', 'DISTRICT_COMMERCIAL_HUB'),
('GOVERNOR_DISTRICTS_ADJACENCY_GOLD_COMMERCIALHUB', 'YieldType', 'YIELD_GOLD'),
('GOVERNOR_DISTRICTS_ADJACENCY_GOLD_COMMERCIALHUB', 'Amount', '1'),
('GOVERNOR_DISTRICTS_ADJACENCY_GOLD_COMMERCIALHUB', 'Description', 'LOC_DISTRICT_DISTRICT_1_GOLD_GOVERNOR'),

('GOVERNOR_DISTRICTS_ADJACENCY_GOLD_HARBOR', 'DistrictType', 'DISTRICT_HARBOR'),
('GOVERNOR_DISTRICTS_ADJACENCY_GOLD_HARBOR', 'YieldType', 'YIELD_GOLD'),
('GOVERNOR_DISTRICTS_ADJACENCY_GOLD_HARBOR', 'Amount', '1'),
('GOVERNOR_DISTRICTS_ADJACENCY_GOLD_HARBOR', 'Description', 'LOC_DISTRICT_DISTRICT_1_GOLD_GOVERNOR'),

('GOVERNOR_DISTRICTS_ADJACENCY_CULTURE', 'DistrictType', 'DISTRICT_THEATER'),
('GOVERNOR_DISTRICTS_ADJACENCY_CULTURE', 'YieldType', 'YIELD_CULTURE'),
('GOVERNOR_DISTRICTS_ADJACENCY_CULTURE', 'Amount', '1'),
('GOVERNOR_DISTRICTS_ADJACENCY_CULTURE', 'Description', 'LOC_DISTRICT_DISTRICT_1_CULTURE_GOVERNOR'),

('GOVERNOR_DISTRICTS_ADJACENCY_PRODUCTION', 'DistrictType', 'DISTRICT_INDUSTRIAL_ZONE'),
('GOVERNOR_DISTRICTS_ADJACENCY_PRODUCTION', 'YieldType', 'YIELD_PRODUCTION'),
('GOVERNOR_DISTRICTS_ADJACENCY_PRODUCTION', 'Amount', '1'),
('GOVERNOR_DISTRICTS_ADJACENCY_PRODUCTION', 'Description', 'LOC_DISTRICT_DISTRICT_1_PRODUCTION_GOVERNOR');

INSERT OR IGNORE INTO GovernorPromotionModifiers (GovernorPromotionType, ModifierId) VALUES
	( 'GOVERNOR_PROMOTION_DISTRICTS_ADJACENCY', 'GOVERNOR_DISTRICTS_ADJACENCY_FAITH' ),
	( 'GOVERNOR_PROMOTION_DISTRICTS_ADJACENCY', 'GOVERNOR_DISTRICTS_ADJACENCY_SCIENCE' ),
	( 'GOVERNOR_PROMOTION_DISTRICTS_ADJACENCY', 'GOVERNOR_DISTRICTS_ADJACENCY_GOLD_COMMERCIALHUB' ),
	( 'GOVERNOR_PROMOTION_DISTRICTS_ADJACENCY', 'GOVERNOR_DISTRICTS_ADJACENCY_GOLD_HARBOR' ),
	( 'GOVERNOR_PROMOTION_DISTRICTS_ADJACENCY', 'GOVERNOR_DISTRICTS_ADJACENCY_CULTURE' ),
	( 'GOVERNOR_PROMOTION_DISTRICTS_ADJACENCY', 'GOVERNOR_DISTRICTS_ADJACENCY_PRODUCTION' );
