INSERT OR IGNORE INTO Types (Type, Kind) VALUES
	('GOVERNOR_PROMOTION_CARDINAL_FAITH_CULTURE', 'KIND_GOVERNOR_PROMOTION'),
	--('MODIFIER_SINGLE_CITY_ADJUST_CITY_YIELD_CHANGE', 'KIND_MODIFIER'),
	('MODIFIER_SINGLE_CITY_ADJUST_GREATWORK_YIELD', 'KIND_MODIFIER');
INSERT OR IGNORE INTO GovernorPromotions (GovernorPromotionType, Name, Description, Level, Column, BaseAbility) VALUES
	('GOVERNOR_PROMOTION_CARDINAL_FAITH_CULTURE', 'LOC_GOVERNOR_PROMOTION_CARDINAL_FAITH_CULTURE_NAME', 'LOC_GOVERNOR_PROMOTION_CARDINAL_FAITH_CULTURE_DESCRIPTION', 1, 0, 0);
INSERT OR IGNORE INTO GovernorPromotionSets (GovernorType, GovernorPromotion) VALUES
	('GOVERNOR_THE_CARDINAL', 'GOVERNOR_PROMOTION_CARDINAL_FAITH_CULTURE');

UPDATE GovernorPromotions SET Level = 2, Column = 2 WHERE GovernorPromotionType = 'GOVERNOR_PROMOTION_CARDINAL_GRAND_INQUISITOR';
UPDATE GovernorPromotions SET Column = 2 WHERE GovernorPromotionType = 'GOVERNOR_PROMOTION_CARDINAL_LAYING_ON_OF_HANDS';
UPDATE GovernorPromotions SET Column = 0 WHERE GovernorPromotionType = 'GOVERNOR_PROMOTION_CARDINAL_CITADEL_OF_GOD';
UPDATE GovernorPromotions SET Column = 0 WHERE GovernorPromotionType = 'GOVERNOR_PROMOTION_CARDINAL_PATRON_SAINT';
UPDATE GovernorPromotions SET Column = 2 WHERE GovernorPromotionType = 'GOVERNOR_PROMOTION_CARDINAL_DIVINE_ARCHITECT';

/* UPDATE GovernorPromotionPrereqs SET GovernorPromotionType = 'GOVERNOR_PROMOTION_CARDINAL_LAYING_ON_OF_HANDS'
	WHERE GovernorPromotionType = 'GOVERNOR_PROMOTION_CARDINAL_GRAND_INQUISITOR';
UPDATE GovernorPromotionPrereqs SET PrereqGovernorPromotion = 'GOVERNOR_PROMOTION_CARDINAL_FAITH_CULTURE'
	WHERE PrereqGovernorPromotion = 'GOVERNOR_PROMOTION_CARDINAL_GRAND_INQUISITOR';
 */UPDATE GovernorPromotionModifiers SET GovernorPromotionType = 'GOVERNOR_PROMOTION_CARDINAL_GRAND_INQUISITOR'
	WHERE ModifierId = 'CARDINAL_CITADEL_OF_GOD_PRESSURE';
UPDATE GovernorPromotionModifiers SET GovernorPromotionType = 'GOVERNOR_PROMOTION_CARDINAL_CITADEL_OF_GOD'
	WHERE ModifierId = 'CARDINAL_BISHOP_PRESSURE';

DELETE FROM GovernorPromotionPrereqs WHERE GovernorPromotionType LIKE 'GOVERNOR_PROMOTION_CARDINAL%';
INSERT OR IGNORE INTO GovernorPromotionPrereqs ( GovernorPromotionType, PrereqGovernorPromotion ) VALUES
	('GOVERNOR_PROMOTION_CARDINAL_FAITH_CULTURE', 'GOVERNOR_PROMOTION_CARDINAL_BISHOP'),
	('GOVERNOR_PROMOTION_CARDINAL_LAYING_ON_OF_HANDS', 'GOVERNOR_PROMOTION_CARDINAL_BISHOP'),
	('GOVERNOR_PROMOTION_CARDINAL_CITADEL_OF_GOD', 'GOVERNOR_PROMOTION_CARDINAL_FAITH_CULTURE'),
	('GOVERNOR_PROMOTION_CARDINAL_CITADEL_OF_GOD', 'GOVERNOR_PROMOTION_CARDINAL_LAYING_ON_OF_HANDS'),
	('GOVERNOR_PROMOTION_CARDINAL_GRAND_INQUISITOR', 'GOVERNOR_PROMOTION_CARDINAL_FAITH_CULTURE'),
	('GOVERNOR_PROMOTION_CARDINAL_GRAND_INQUISITOR', 'GOVERNOR_PROMOTION_CARDINAL_LAYING_ON_OF_HANDS'),
	('GOVERNOR_PROMOTION_CARDINAL_DIVINE_ARCHITECT', 'GOVERNOR_PROMOTION_CARDINAL_CITADEL_OF_GOD'),
	('GOVERNOR_PROMOTION_CARDINAL_DIVINE_ARCHITECT', 'GOVERNOR_PROMOTION_CARDINAL_GRAND_INQUISITOR'),
	('GOVERNOR_PROMOTION_CARDINAL_PATRON_SAINT', 'GOVERNOR_PROMOTION_CARDINAL_CITADEL_OF_GOD'),
	('GOVERNOR_PROMOTION_CARDINAL_PATRON_SAINT', 'GOVERNOR_PROMOTION_CARDINAL_GRAND_INQUISITOR');

/* INSERT OR IGNORE INTO RequirementSets (RequirementSetId, RequirementSetType) VALUES
	('CITY_HAS_GOVERNOR_PROMOTION_CARDINAL_CITADEL_OF_GOD', 'REQUIREMENTSET_TEST_ALL');
INSERT OR IGNORE INTO Requirements (RequirementId, RequirementType) VALUES
	('CITY_HAS_GOVERNOR_PROMOTION_CARDINAL_CITADEL_OF_GOD', 'REQUIREMENT_CITY_HAS_SPECIFIC_GOVERNOR_PROMOTION_TYPE');
INSERT OR IGNORE INTO RequirementArguments (RequirementId, Name, Value) VALUES
	('CITY_HAS_GOVERNOR_PROMOTION_CARDINAL_CITADEL_OF_GOD', 'Established', 1),
	('CITY_HAS_GOVERNOR_PROMOTION_CARDINAL_CITADEL_OF_GOD', 'GovernorPromotionType', 'GOVERNOR_PROMOTION_CARDINAL_CITADEL_OF_GOD');
INSERT OR IGNORE INTO RequirementSetRequirements (RequirementSetId, RequirementId) VALUES
	('CITY_HAS_GOVERNOR_PROMOTION_CARDINAL_CITADEL_OF_GOD', 'CITY_HAS_GOVERNOR_PROMOTION_CARDINAL_CITADEL_OF_GOD');
 */

INSERT OR IGNORE INTO DynamicModifiers (ModifierType, CollectionType, EffectType) VALUES
	--('MODIFIER_SINGLE_CITY_ADJUST_CITY_YIELD_CHANGE', 'COLLECTION_OWNER', 'EFFECT_ADJUST_CITY_YIELD_CHANGE'),
	('MODIFIER_SINGLE_CITY_ADJUST_GREATWORK_YIELD', 'COLLECTION_OWNER', 'EFFECT_ADJUST_CITY_GREATWORK_YIELD');

INSERT OR IGNORE INTO Modifiers (ModifierId, ModifierType, SubjectRequirementSetId)
	SELECT 'GOVERNOR_CARDINAL_FAITH' || replace(TerrainType, 'TERRAIN', ''), 'MODIFIER_CITY_ADJUST_CITY_YIELD_PER_TERRAIN_TYPE', Null
	FROM Terrains where Mountain = 1;
INSERT OR IGNORE INTO Modifiers (ModifierId, ModifierType, SubjectRequirementSetId)
	SELECT 'GOVERNOR_CARDINAL_CULTURE' || replace(TerrainType, 'TERRAIN', ''), 'MODIFIER_CITY_ADJUST_CITY_YIELD_PER_TERRAIN_TYPE', Null
	FROM Terrains where Mountain = 1;
	
INSERT OR IGNORE INTO ModifierArguments (ModifierId, Name, Value)
	SELECT 'GOVERNOR_CARDINAL_FAITH' || replace(TerrainType, 'TERRAIN', ''), 'TerrainType', TerrainType
	FROM Terrains where Mountain = 1;
INSERT OR IGNORE INTO ModifierArguments (ModifierId, Name, Value)
	SELECT 'GOVERNOR_CARDINAL_FAITH' || replace(TerrainType, 'TERRAIN', ''), 'YieldType', 'YIELD_FAITH'
	FROM Terrains where Mountain = 1;
INSERT OR IGNORE INTO ModifierArguments (ModifierId, Name, Value)
	SELECT 'GOVERNOR_CARDINAL_FAITH' || replace(TerrainType, 'TERRAIN', ''), 'Amount', 1
	FROM Terrains where Mountain = 1;

INSERT OR IGNORE INTO ModifierArguments (ModifierId, Name, Value)
	SELECT 'GOVERNOR_CARDINAL_CULTURE' || replace(TerrainType, 'TERRAIN', ''), 'TerrainType', TerrainType
	FROM Terrains where Mountain = 1;
INSERT OR IGNORE INTO ModifierArguments (ModifierId, Name, Value)
	SELECT 'GOVERNOR_CARDINAL_CULTURE' || replace(TerrainType, 'TERRAIN', ''), 'YieldType', 'YIELD_CULTURE'
	FROM Terrains where Mountain = 1;
INSERT OR IGNORE INTO ModifierArguments (ModifierId, Name, Value)
	SELECT 'GOVERNOR_CARDINAL_CULTURE' || replace(TerrainType, 'TERRAIN', ''), 'Amount', 1
	FROM Terrains where Mountain = 1;
	
INSERT OR IGNORE INTO GovernorPromotionModifiers (GovernorPromotionType, ModifierId)
	SELECT 'GOVERNOR_PROMOTION_CARDINAL_FAITH_CULTURE', 'GOVERNOR_CARDINAL_FAITH' || replace(TerrainType, 'TERRAIN', '')
	FROM Terrains where Mountain = 1;
INSERT OR IGNORE INTO GovernorPromotionModifiers (GovernorPromotionType, ModifierId)
	SELECT 'GOVERNOR_PROMOTION_CARDINAL_FAITH_CULTURE', 'GOVERNOR_CARDINAL_CULTURE' || replace(TerrainType, 'TERRAIN', '')
	FROM Terrains where Mountain = 1;

INSERT OR IGNORE INTO RequirementSets (RequirementSetId, RequirementSetType)
	WITH RECURSIVE cnt(x) AS (SELECT 1 UNION ALL SELECT x+1 FROM cnt LIMIT 5)
	SELECT 'CITY_HAS_' || x || '_PLOT_NATURAL_WONDER', 'REQUIREMENTSET_TEST_ANY' FROM cnt;
	
INSERT OR IGNORE INTO Requirements (RequirementId, RequirementType)
	WITH RECURSIVE cnt(x) AS (SELECT 1 UNION ALL SELECT x+1 FROM cnt LIMIT 5)
	SELECT 'CITY_HAS_' || x || '_PLOT' || REPLACE(FeatureType, 'FEATURE', ''), 'REQUIREMENT_CITY_HAS_X_FEATURE_TYPE' FROM cnt
	INNER JOIN Features where NaturalWonder = 1;

INSERT OR IGNORE INTO RequirementArguments (RequirementId, Name, Value)
	WITH RECURSIVE cnt(x) AS (SELECT 1 UNION ALL SELECT x+1 FROM cnt LIMIT 5)
	SELECT 'CITY_HAS_' || x || '_PLOT' || REPLACE(FeatureType, 'FEATURE', ''), 'FeatureType', FeatureType FROM cnt
	INNER JOIN Features where NaturalWonder = 1;
INSERT OR IGNORE INTO RequirementArguments (RequirementId, Name, Value)
	WITH RECURSIVE cnt(x) AS (SELECT 1 UNION ALL SELECT x+1 FROM cnt LIMIT 5)
	SELECT 'CITY_HAS_' || x || '_PLOT' || REPLACE(FeatureType, 'FEATURE', ''), 'Amount', x FROM cnt
	INNER JOIN Features where NaturalWonder = 1;

INSERT OR IGNORE INTO RequirementSetRequirements (RequirementSetId, RequirementId)
	WITH RECURSIVE cnt(x) AS (SELECT 1 UNION ALL SELECT x+1 FROM cnt LIMIT 5)
	SELECT 'CITY_HAS_' || x || '_PLOT_NATURAL_WONDER', 'CITY_HAS_' || x || '_PLOT' || REPLACE(FeatureType, 'FEATURE', '') FROM cnt
	INNER JOIN Features where NaturalWonder = 1;

INSERT OR IGNORE INTO Modifiers (ModifierId, ModifierType, SubjectRequirementSetId)
	WITH RECURSIVE cnt(x) AS (SELECT 1 UNION ALL SELECT x+1 FROM cnt LIMIT 5)
	SELECT 'GOVERNOR_CARDINAL_FAITH_NATURAL_WONDER_PLOTS_' || x, 'MODIFIER_SINGLE_CITY_ADJUST_YIELD_CHANGE', 'CITY_HAS_' || x || '_PLOT_NATURAL_WONDER' FROM cnt;
INSERT OR IGNORE INTO Modifiers (ModifierId, ModifierType, SubjectRequirementSetId)
	WITH RECURSIVE cnt(x) AS (SELECT 1 UNION ALL SELECT x+1 FROM cnt LIMIT 5)
	SELECT 'GOVERNOR_CARDINAL_CULTURE_NATURAL_WONDER_PLOTS_' || x, 'MODIFIER_SINGLE_CITY_ADJUST_YIELD_CHANGE', 'CITY_HAS_' || x || '_PLOT_NATURAL_WONDER' FROM cnt;
	
INSERT OR IGNORE INTO Modifiers (ModifierId, ModifierType, SubjectRequirementSetId) VALUES
	('GOVERNOR_CARDINAL_FAITH_NATURAL_WONDER', 'MODIFIER_SINGLE_CITY_ADJUST_YIELD_CHANGE', 'CITY_HAS_1_PLOT_NATURAL_WONDER'),
	('GOVERNOR_CARDINAL_CULTURE_NATURAL_WONDER', 'MODIFIER_SINGLE_CITY_ADJUST_YIELD_CHANGE', 'CITY_HAS_1_PLOT_NATURAL_WONDER'),
	('GOVERNOR_CARDINAL_BISHOP_FAITH', 'MODIFIER_SINGLE_CITY_ADJUST_YIELD_CHANGE', Null),
	('GOVERNOR_CARDINAL_CULTURE_RELIC', 'MODIFIER_SINGLE_CITY_ADJUST_GREATWORK_YIELD', Null);
INSERT OR IGNORE INTO ModifierArguments (ModifierId, Name, Value) VALUES
	('GOVERNOR_CARDINAL_FAITH_NATURAL_WONDER', 'YieldType', 'YIELD_FAITH'),
	('GOVERNOR_CARDINAL_FAITH_NATURAL_WONDER', 'Amount', 2),
	('GOVERNOR_CARDINAL_CULTURE_NATURAL_WONDER', 'YieldType', 'YIELD_CULTURE'),
	('GOVERNOR_CARDINAL_CULTURE_NATURAL_WONDER', 'Amount', 2),
	('GOVERNOR_CARDINAL_BISHOP_FAITH', 'YieldType', 'YIELD_FAITH'),
	('GOVERNOR_CARDINAL_BISHOP_FAITH', 'Amount', 3),
	('GOVERNOR_CARDINAL_CULTURE_RELIC', 'GreatWorkObjectType', 'GREATWORKOBJECT_RELIC'),
	('GOVERNOR_CARDINAL_CULTURE_RELIC', 'YieldType', 'YIELD_CULTURE'),
	('GOVERNOR_CARDINAL_CULTURE_RELIC', 'YieldChange', 3);

INSERT OR IGNORE INTO ModifierArguments (ModifierId, Name, Value)
	WITH RECURSIVE cnt(x) AS (SELECT 1 UNION ALL SELECT x+1 FROM cnt LIMIT 5)
	SELECT 'GOVERNOR_CARDINAL_FAITH_NATURAL_WONDER_PLOTS_' || x, 'YieldType', 'YIELD_FAITH' FROM cnt;
INSERT OR IGNORE INTO ModifierArguments (ModifierId, Name, Value)
	WITH RECURSIVE cnt(x) AS (SELECT 1 UNION ALL SELECT x+1 FROM cnt LIMIT 5)
	SELECT 'GOVERNOR_CARDINAL_FAITH_NATURAL_WONDER_PLOTS_' || x, 'Amount', 1 FROM cnt;
INSERT OR IGNORE INTO ModifierArguments (ModifierId, Name, Value)
	WITH RECURSIVE cnt(x) AS (SELECT 1 UNION ALL SELECT x+1 FROM cnt LIMIT 5)
	SELECT 'GOVERNOR_CARDINAL_CULTURE_NATURAL_WONDER_PLOTS_' || x, 'YieldType', 'YIELD_CULTURE' FROM cnt;
INSERT OR IGNORE INTO ModifierArguments (ModifierId, Name, Value)
	WITH RECURSIVE cnt(x) AS (SELECT 1 UNION ALL SELECT x+1 FROM cnt LIMIT 5)
	SELECT 'GOVERNOR_CARDINAL_CULTURE_NATURAL_WONDER_PLOTS_' || x, 'Amount', 1 FROM cnt;

INSERT OR IGNORE INTO GovernorPromotionModifiers (GovernorPromotionType, ModifierId)
	WITH RECURSIVE cnt(x) AS (SELECT 1 UNION ALL SELECT x+1 FROM cnt LIMIT 5)
	SELECT 'GOVERNOR_PROMOTION_CARDINAL_FAITH_CULTURE', 'GOVERNOR_CARDINAL_CULTURE_NATURAL_WONDER_PLOTS_' || x FROM cnt;
INSERT OR IGNORE INTO GovernorPromotionModifiers (GovernorPromotionType, ModifierId)
	WITH RECURSIVE cnt(x) AS (SELECT 1 UNION ALL SELECT x+1 FROM cnt LIMIT 5)
	SELECT 'GOVERNOR_PROMOTION_CARDINAL_FAITH_CULTURE', 'GOVERNOR_CARDINAL_FAITH_NATURAL_WONDER_PLOTS_' || x FROM cnt;

--UPDATE ModifierArguments SET Value = 50 WHERE ModifierId='CARDINAL_BISHOP_PRESSURE' AND Name='Amount';
UPDATE ModifierArguments SET Value=3 WHERE ModifierId='CARDINAL_BISHOP_FAITH_DISTRICT' AND Name='Amount';


INSERT OR IGNORE INTO Modifiers (ModifierId, ModifierType, SubjectRequirementSetId) VALUES
	('GOVERNOR_CARDINAL_FAITH_HOLYSITE', 'MODIFIER_SINGLE_CITY_ADJUST_YIELD_CHANGE', 'CITY_HAS_HOLY_SITE'),
	('GOVERNOR_CARDINAL_FAITH_SHRINE', 'MODIFIER_SINGLE_CITY_ADJUST_YIELD_CHANGE', 'REQUIREMENTS_CITY_HAS_SHRINE'),
	('GOVERNOR_CARDINAL_FAITH_TEMPLE', 'MODIFIER_SINGLE_CITY_ADJUST_YIELD_CHANGE', 'REQUIREMENTS_CITY_HAS_TEMPLE'),
	('GOVERNOR_CARDINAL_FAITH_TIER3RELIGIOUS', 'MODIFIER_SINGLE_CITY_ADJUST_YIELD_CHANGE', 'REQUIREMENTS_CITY_HAS_TIER3RELIGIOUS');

INSERT OR IGNORE INTO ModifierArguments (ModifierId, Name, Value) VALUES
	('GOVERNOR_CARDINAL_FAITH_HOLYSITE', 'YieldType', 'YIELD_FAITH'),
	('GOVERNOR_CARDINAL_FAITH_HOLYSITE', 'Amount', 3),
	('GOVERNOR_CARDINAL_FAITH_SHRINE', 'YieldType', 'YIELD_FAITH'),
	('GOVERNOR_CARDINAL_FAITH_SHRINE', 'Amount', 3),
	('GOVERNOR_CARDINAL_FAITH_TEMPLE', 'YieldType', 'YIELD_FAITH'),
	('GOVERNOR_CARDINAL_FAITH_TEMPLE', 'Amount', 3),
	('GOVERNOR_CARDINAL_FAITH_TIER3RELIGIOUS', 'YieldType', 'YIELD_FAITH'),
	('GOVERNOR_CARDINAL_FAITH_TIER3RELIGIOUS', 'Amount', 3);

INSERT OR IGNORE INTO Modifiers (ModifierId, ModifierType, SubjectRequirementSetId) VALUES
	('GOVERNOR_CARDINAL_FAITH_FOLLOWER_MODIFIER', 'MODIFIER_FOLLOWER_YIELD_MODIFIER', Null);
INSERT OR IGNORE INTO ModifierArguments (ModifierId, Name, Value) VALUES
	('GOVERNOR_CARDINAL_FAITH_FOLLOWER_MODIFIER', 'YieldType', 'YIELD_FAITH'),
	('GOVERNOR_CARDINAL_FAITH_FOLLOWER_MODIFIER', 'Amount', 2);

INSERT OR IGNORE INTO GovernorPromotionModifiers (GovernorPromotionType, ModifierId) VALUES
	('GOVERNOR_PROMOTION_CARDINAL_BISHOP', 'GOVERNOR_CARDINAL_BISHOP_FAITH'),
	('GOVERNOR_PROMOTION_CARDINAL_FAITH_CULTURE', 'GOVERNOR_CARDINAL_FAITH_NATURAL_WONDER'),
	('GOVERNOR_PROMOTION_CARDINAL_FAITH_CULTURE', 'GOVERNOR_CARDINAL_CULTURE_NATURAL_WONDER'),
	('GOVERNOR_PROMOTION_CARDINAL_CITADEL_OF_GOD', 'GOVERNOR_CARDINAL_FAITH_FOLLOWER_MODIFIER');	
 	--('GOVERNOR_PROMOTION_CARDINAL_CITADEL_OF_GOD', 'GOVERNOR_CARDINAL_FAITH_HOLYSITE'),
	--('GOVERNOR_PROMOTION_CARDINAL_CITADEL_OF_GOD', 'GOVERNOR_CARDINAL_FAITH_SHRINE'),
	--('GOVERNOR_PROMOTION_CARDINAL_CITADEL_OF_GOD', 'GOVERNOR_CARDINAL_FAITH_TEMPLE'),
	--('GOVERNOR_PROMOTION_CARDINAL_CITADEL_OF_GOD', 'GOVERNOR_CARDINAL_FAITH_TIER3RELIGIOUS');

DELETE FROM GovernorPromotionModifiers WHERE ModifierId = 'CARDINAL_CITADEL_OF_GOD_FAITH_FINISH_BUILDINGS';

INSERT INTO Types (Type, Kind) VALUES
	('PLAYER_HAS_GOVERNOR_PROMOTION_CARDINAL_DIVINE_ARCHITECT_B', 'KIND_BUILDING');
INSERT INTO Buildings (BuildingType, Name, Cost, InternalOnly) VALUES
	('PLAYER_HAS_GOVERNOR_PROMOTION_CARDINAL_DIVINE_ARCHITECT_B', 'CAN_FAITH_PURCHASE_DISTRICT', 0, 1);

INSERT OR IGNORE INTO Requirements (RequirementId, RequirementType) VALUES
	('PLAYER_HAS_GOVERNOR_PROMOTION_CARDINAL_DIVINE_ARCHITECT', 'REQUIREMENT_PLAYER_HAS_BUILDING');
INSERT OR IGNORE INTO RequirementArguments (RequirementId, Name, Value) VALUES
	('PLAYER_HAS_GOVERNOR_PROMOTION_CARDINAL_DIVINE_ARCHITECT', 'BuildingType', 'PLAYER_HAS_GOVERNOR_PROMOTION_CARDINAL_DIVINE_ARCHITECT_B');
INSERT OR IGNORE INTO RequirementSets (RequirementSetId, RequirementSetType) VALUES
	('PLAYER_HAS_GOVERNOR_PROMOTION_CARDINAL_DIVINE_ARCHITECT', 'REQUIREMENTSET_TEST_ALL');
INSERT OR IGNORE INTO RequirementSetRequirements (RequirementSetId, RequirementId) VALUES
	('PLAYER_HAS_GOVERNOR_PROMOTION_CARDINAL_DIVINE_ARCHITECT', 'PLAYER_HAS_GOVERNOR_PROMOTION_CARDINAL_DIVINE_ARCHITECT');

INSERT OR IGNORE INTO Modifiers (ModifierId, ModifierType, Permanent, OwnerRequirementSetId) VALUES
	('CARDINAL_FAITH_PURCHASE_DISTRICT_ALL_GOVERNORS', 'MODIFIER_GOVERNOR_ADJUST_CAN_FAITH_PURCHASE_DISTRICTS', 1, 'PLAYER_HAS_GOVERNOR_PROMOTION_CARDINAL_DIVINE_ARCHITECT');
INSERT OR IGNORE INTO ModifierArguments (ModifierId, Name, Value) VALUES
	('CARDINAL_FAITH_PURCHASE_DISTRICT_ALL_GOVERNORS', 'CanPurchase', 1);
INSERT OR IGNORE INTO GovernorPromotionModifiers (GovernorPromotionType, ModifierId)
	SELECT GovernorPromotionType, 'CARDINAL_FAITH_PURCHASE_DISTRICT_ALL_GOVERNORS'
	FROM GovernorPromotions
	WHERE BaseAbility = 1;
